Title,Genre,Author
The Golden Secret,Adventure,Patricia Martin
The Lost Path,Young Adult,Michael Jackson
The Whispering Storm,Romance,Jennifer Thomas
The Golden Storm,Science Fiction,Mary Johnson
The Golden Path,Thriller,John Brown
The Broken Shadow,Thriller,Linda Harris
The Whispering Light,Non-Fiction,Patricia Thomas
The Hidden Path,Historical,Michael Taylor
The Fading Secret,Young Adult,Robert Anderson
The Silent Voice,Historical,Jennifer Jackson
The Eternal Dream,Young Adult,Jennifer Jackson
The Fading Light,Horror,Michael Thomas
The Lost Secret,Horror,James Johnson
The Fading Path,Young Adult,Jennifer Anderson
The Whispering Voice,Mystery,Michael Taylor
The Silent Truth,Fantasy,Jennifer Taylor
The Dark Shadow,Historical,Patricia Smith
The Fading Secret,Mystery,Jennifer Taylor
The Whispering Fire,Fantasy,Mary Anderson
The Fading Light,Historical,Patricia Anderson
The Broken Truth,Romance,John Anderson
The Lost Dream,Romance,William Brown
The Golden Memory,Fantasy,Michael Thomas
The Dark Voice,Science Fiction,James Taylor
The Shattered Path,Adventure,John Harris
The Hidden Secret,Science Fiction,Elizabeth White
The Golden Memory,Thriller,Patricia Smith
The Dark Storm,Romance,Mary Harris
The Broken Storm,Fantasy,Elizabeth Anderson
The Broken Storm,Romance,William Taylor
The Eternal Truth,Young Adult,Elizabeth Thomas
The Hidden Shadow,Non-Fiction,Jennifer Taylor
The Fading Voice,Young Adult,James Anderson
The Fading Shadow,Fantasy,William Jackson
The Broken Dream,Romance,Mary White
The Shattered Memory,Young Adult,Elizabeth Taylor
The Silent Secret,Historical,Robert Brown
The Whispering Shadow,Fantasy,Linda Smith
The Dark Voice,Historical,William Taylor
The Silent Memory,Non-Fiction,Jennifer Johnson
The Silent Path,Adventure,Mary Jackson
The Broken Dream,Thriller,Patricia Jackson
The Shattered Fire,Thriller,Mary Thomas
The Silent Secret,Historical,Michael White
The Broken Memory,Romance,Robert Brown
The Fading Secret,Non-Fiction,Michael Taylor
The Shattered Dream,Non-Fiction,Linda Martin
The Golden Fire,Fantasy,Linda Taylor
The Golden Path,Science Fiction,Linda Jackson
The Whispering Light,Horror,James Johnson
The Golden Storm,Romance,Michael Anderson
The Dark Storm,Thriller,John Smith
The Whispering Truth,Mystery,Mary Anderson
The Silent Voice,Historical,William White
The Hidden Light,Non-Fiction,Michael Harris
The Eternal Truth,Fantasy,Michael Taylor
The Whispering Truth,Science Fiction,Michael Taylor
The Fading Voice,Science Fiction,Patricia Harris
The Lost Path,Thriller,Jennifer Thomas
The Hidden Path,Romance,Michael Harris
The Golden Path,Thriller,William Anderson
The Golden Path,Romance,William Martin
The Whispering Shadow,Horror,Patricia Taylor
The Whispering Dream,Historical,Jennifer Martin
The Broken Shadow,Fantasy,James Taylor
The Fading Secret,Non-Fiction,Jennifer Anderson
The Shattered Secret,Romance,Robert Harris
The Lost Dream,Thriller,Linda Taylor
The Golden Light,Thriller,Linda Thomas
The Hidden Fire,Thriller,Robert Martin
The Golden Fire,Young Adult,Patricia Brown
The Whispering Shadow,Non-Fiction,Jennifer Thomas
The Shattered Path,Young Adult,William Anderson
The Lost Dream,Non-Fiction,Elizabeth Anderson
The Shattered Path,Young Adult,Elizabeth Johnson
The Silent Path,Science Fiction,Elizabeth Johnson
The Whispering Light,Mystery,Linda Anderson
The Eternal Light,Fantasy,Michael Smith
The Dark Fire,Horror,William Smith
The Shattered Secret,Historical,William Thomas
The Silent Storm,Mystery,William Thomas
The Eternal Storm,Horror,Robert Johnson
The Shattered Storm,Fantasy,Linda White
The Whispering Light,Fantasy,Linda Martin
The Whispering Light,Romance,John Thomas
The Whispering Light,Adventure,Patricia Martin
The Whispering Dream,Mystery,Robert Taylor
The Whispering Secret,Horror,Jennifer Smith
The Broken Storm,Historical,Michael Brown
The Golden Secret,Horror,Patricia Brown
The Silent Dream,Romance,James Anderson
The Dark Truth,Romance,Linda Jackson
The Dark Fire,Historical,James Brown
The Whispering Truth,Young Adult,Linda Martin
The Lost Memory,Adventure,Robert Harris
The Fading Storm,Horror,James Smith
The Hidden Memory,Horror,Jennifer Thomas
The Golden Fire,Historical,Linda Johnson
The Silent Storm,Adventure,John Taylor
The Golden Light,Thriller,Michael Thomas
The Fading Storm,Historical,Mary Taylor
The Eternal Light,Thriller,Patricia Anderson
The Silent Voice,Young Adult,William White
The Whispering Truth,Romance,Jennifer White
The Eternal Dream,Historical,William Harris
The Broken Light,Mystery,Linda Thomas
The Fading Light,Fantasy,Michael Harris
The Eternal Light,Science Fiction,Patricia Martin
The Shattered Dream,Science Fiction,James White
The Lost Path,Science Fiction,James Brown
The Hidden Secret,Horror,Linda Johnson
The Fading Shadow,Non-Fiction,William Martin
The Whispering Storm,Mystery,William Smith
The Lost Truth,Mystery,William Harris
The Hidden Fire,Mystery,Linda White
The Hidden Storm,Historical,Michael Jackson
The Silent Fire,Non-Fiction,Mary Jackson
The Broken Dream,Historical,Elizabeth Martin
The Fading Shadow,Science Fiction,John Anderson
The Eternal Secret,Romance,Elizabeth Jackson
The Broken Shadow,Science Fiction,Michael Jackson
The Shattered Fire,Non-Fiction,Linda Thomas
The Golden Shadow,Science Fiction,Michael Taylor
The Broken Voice,Science Fiction,Patricia White
The Hidden Dream,Historical,Patricia Harris
The Lost Shadow,Historical,Jennifer Anderson
The Fading Shadow,Young Adult,James Harris
The Silent Voice,Fantasy,Michael Thomas
The Silent Path,Horror,Mary Jackson
The Hidden Path,Young Adult,John Thomas
The Golden Path,Thriller,Linda White
The Shattered Light,Thriller,Robert Martin
The Eternal Memory,Non-Fiction,Linda Smith
The Golden Dream,Thriller,William White
The Whispering Dream,Young Adult,John Smith
The Golden Fire,Adventure,William Brown
The Shattered Light,Romance,Mary Thomas
The Golden Light,Fantasy,Mary Anderson
The Whispering Secret,Romance,Mary Brown
The Fading Voice,Science Fiction,Linda Brown
The Dark Path,Thriller,James Johnson
The Silent Dream,Romance,James Jackson
The Broken Shadow,Historical,James Jackson
The Whispering Dream,Young Adult,William Anderson
The Lost Shadow,Non-Fiction,Elizabeth Anderson
The Shattered Storm,Historical,Jennifer Anderson
The Silent Secret,Historical,John White
The Hidden Storm,Adventure,Mary Martin
The Whispering Light,Adventure,William Thomas
The Golden Storm,Non-Fiction,John Anderson
The Broken Fire,Horror,Robert Anderson
The Lost Light,Historical,John Harris
The Whispering Storm,Romance,William Smith
The Dark Truth,Romance,Patricia Jackson
The Whispering Memory,Horror,Jennifer Jackson
The Lost Light,Non-Fiction,Linda Martin
The Shattered Secret,Mystery,Patricia Harris
The Lost Fire,Adventure,William Anderson
The Dark Voice,Adventure,Robert Harris
The Fading Fire,Non-Fiction,Mary Harris
The Eternal Truth,Young Adult,James Johnson
The Whispering Voice,Young Adult,Mary Jackson
The Silent Light,Romance,Elizabeth Harris
The Fading Dream,Science Fiction,Elizabeth Thomas
The Golden Dream,Science Fiction,Elizabeth Brown
The Golden Voice,Historical,Linda Smith
The Whispering Path,Adventure,Robert Smith
The Dark Path,Fantasy,Patricia Jackson
The Dark Storm,Horror,Mary Johnson
The Eternal Shadow,Adventure,James Thomas
The Broken Secret,Thriller,Mary Thomas
The Shattered Path,Historical,Elizabeth Anderson
The Dark Shadow,Horror,Robert Smith
The Dark Light,Mystery,Patricia Martin
The Hidden Path,Science Fiction,Jennifer Johnson
The Golden Voice,Non-Fiction,Mary Martin
The Broken Dream,Fantasy,Robert Jackson
The Dark Light,Non-Fiction,James Harris
The Eternal Shadow,Fantasy,William White
The Whispering Truth,Science Fiction,Elizabeth Taylor
The Fading Voice,Horror,John Harris
The Lost Fire,Adventure,John Smith
The Shattered Memory,Horror,John Taylor
The Dark Shadow,Romance,Elizabeth Anderson
The Whispering Path,Mystery,Elizabeth Martin
The Eternal Shadow,Horror,William Anderson
The Broken Voice,Horror,John Jackson
The Lost Secret,Thriller,James Thomas
The Silent Path,Non-Fiction,Linda Harris
The Dark Path,Adventure,Elizabeth Thomas
The Dark Shadow,Romance,Patricia Thomas
The Lost Truth,Thriller,Michael Johnson
The Silent Storm,Thriller,Robert Jackson
The Broken Shadow,Young Adult,Robert Anderson
The Lost Memory,Fantasy,Elizabeth Taylor
The Eternal Memory,Horror,Jennifer White
The Whispering Light,Thriller,John White
The Whispering Storm,Fantasy,Linda Thomas
The Broken Voice,Adventure,Mary Anderson
The Eternal Path,Romance,James Harris
The Hidden Truth,Adventure,Patricia Brown
The Fading Dream,Historical,John Harris
The Hidden Dream,Young Adult,James Harris
The Shattered Fire,Thriller,Linda Taylor
The Whispering Shadow,Historical,Michael Martin
The Eternal Shadow,Fantasy,Linda Taylor
The Whispering Voice,Historical,Elizabeth White
The Broken Fire,Fantasy,James Jackson
The Whispering Voice,Non-Fiction,Mary White
The Lost Secret,Horror,John Johnson
The Golden Light,Thriller,John Johnson
The Shattered Voice,Science Fiction,William Taylor
The Fading Voice,Horror,John Taylor
The Silent Storm,Mystery,Jennifer Brown
The Golden Path,Mystery,Linda Brown
The Dark Storm,Non-Fiction,James Thomas
The Dark Light,Thriller,Michael Taylor
The Hidden Voice,Historical,Robert Taylor
The Lost Memory,Thriller,Elizabeth Smith
The Silent Path,Historical,Mary Smith
The Golden Truth,Horror,Mary Brown
The Whispering Shadow,Adventure,Robert Thomas
The Eternal Path,Mystery,Linda Taylor
The Shattered Memory,Non-Fiction,Mary Thomas
The Shattered Memory,Romance,James White
The Hidden Fire,Romance,Robert Jackson
The Hidden Storm,Fantasy,Linda Anderson
The Shattered Storm,Non-Fiction,Jennifer Smith
The Silent Shadow,Mystery,Robert Martin
The Fading Light,Science Fiction,Michael Taylor
The Broken Light,Adventure,Elizabeth White
The Fading Fire,Romance,Michael Anderson
The Fading Shadow,Horror,Robert Harris
The Eternal Fire,Historical,John Harris
The Dark Light,Mystery,Elizabeth Smith
The Dark Truth,Non-Fiction,Michael White
The Fading Path,Mystery,Elizabeth Brown
The Fading Storm,Fantasy,Jennifer Johnson
The Dark Truth,Mystery,James Johnson
The Lost Path,Mystery,Elizabeth Smith
The Fading Secret,Mystery,Elizabeth Taylor
The Shattered Fire,Science Fiction,Patricia Martin
The Lost Secret,Fantasy,Jennifer Johnson
The Silent Secret,Romance,John Brown
The Shattered Shadow,Adventure,Jennifer White
The Dark Shadow,Young Adult,John Smith
The Silent Memory,Non-Fiction,John Martin
The Lost Fire,Thriller,Linda Smith
The Whispering Path,Young Adult,Mary Taylor
The Silent Truth,Mystery,Michael Taylor
The Lost Truth,Non-Fiction,Elizabeth Thomas
The Golden Storm,Horror,Michael Taylor
The Whispering Storm,Science Fiction,Linda Smith
The Golden Storm,Non-Fiction,James Brown
The Silent Truth,Adventure,William Harris
The Broken Light,Young Adult,Jennifer White
The Fading Dream,Horror,Jennifer Anderson
The Silent Light,Fantasy,William Johnson
The Golden Path,Young Adult,Linda Harris
The Fading Dream,Non-Fiction,James Brown
The Broken Shadow,Thriller,Linda Smith
The Eternal Storm,Adventure,Robert Brown
The Broken Path,Thriller,James Martin
The Fading Light,Horror,William Brown
The Eternal Fire,Non-Fiction,William Smith
The Fading Voice,Horror,John Thomas
The Eternal Dream,Horror,John Smith
The Dark Memory,Mystery,Robert Jackson
The Dark Memory,Science Fiction,Elizabeth Brown
The Silent Light,Thriller,John White
The Fading Secret,Romance,Linda Jackson
The Lost Voice,Adventure,Robert Taylor
The Broken Fire,Non-Fiction,James Anderson
The Silent Light,Fantasy,Patricia Smith
The Broken Light,Romance,Robert Jackson
The Golden Truth,Historical,Elizabeth Harris
The Whispering Memory,Romance,Linda Martin
The Silent Secret,Adventure,James Johnson
The Fading Voice,Young Adult,Mary Smith
The Hidden Voice,Historical,Elizabeth Thomas
The Eternal Path,Romance,James Taylor
The Golden Shadow,Mystery,Michael Brown
The Whispering Shadow,Fantasy,William Martin
The Shattered Fire,Romance,Linda Brown
The Golden Secret,Horror,John Harris
The Dark Memory,Romance,Patricia Smith
The Fading Storm,Horror,Michael Taylor
The Hidden Fire,Thriller,James Anderson
The Eternal Voice,Horror,Michael White
The Silent Fire,Horror,Robert Jackson
The Whispering Truth,Young Adult,Elizabeth Anderson
The Silent Memory,Adventure,Michael Johnson
The Fading Shadow,Horror,Jennifer Jackson
The Broken Fire,Mystery,Patricia Brown
The Lost Light,Mystery,Jennifer Thomas
The Eternal Dream,Non-Fiction,Mary Johnson
The Dark Fire,Fantasy,Patricia Johnson
The Lost Shadow,Fantasy,James Johnson
The Fading Truth,Adventure,Jennifer Jackson
The Lost Secret,Young Adult,Jennifer Taylor
The Hidden Dream,Thriller,Mary Jackson
The Dark Storm,Romance,William Anderson
The Fading Voice,Historical,Michael Martin
The Dark Path,Horror,Mary Harris
The Shattered Memory,Adventure,Patricia Jackson
The Broken Memory,Horror,Michael Martin
The Broken Truth,Young Adult,Linda Martin
The Shattered Dream,Young Adult,Patricia Taylor
The Whispering Voice,Non-Fiction,Patricia White
The Eternal Storm,Historical,William Martin
The Whispering Shadow,Adventure,Mary Brown
The Broken Truth,Romance,Patricia Taylor
The Hidden Memory,Non-Fiction,Mary Thomas
The Fading Dream,Adventure,Patricia Johnson
The Fading Light,Thriller,Robert Martin
The Golden Secret,Horror,Jennifer Brown
The Hidden Storm,Thriller,Patricia Anderson
The Eternal Light,Historical,Mary Anderson
The Golden Path,Adventure,Patricia Taylor
The Golden Path,Romance,John White
The Silent Storm,Science Fiction,Jennifer Thomas
The Eternal Memory,Horror,Jennifer Johnson
The Whispering Memory,Romance,Linda Smith
The Hidden Truth,Mystery,Elizabeth Harris
The Lost Light,Fantasy,Michael White
The Whispering Fire,Non-Fiction,Jennifer Taylor
The Silent Storm,Young Adult,Elizabeth Anderson
The Golden Fire,Science Fiction,Elizabeth Thomas
The Shattered Secret,Historical,Jennifer White
The Broken Memory,Historical,Michael Harris
The Dark Memory,Non-Fiction,Patricia Anderson
The Shattered Fire,Fantasy,Mary Taylor
The Hidden Path,Mystery,Michael Smith
The Whispering Fire,Mystery,William Harris
The Eternal Truth,Science Fiction,Jennifer Martin
The Shattered Fire,Historical,James Brown
The Eternal Storm,Romance,John Thomas
The Dark Secret,Young Adult,Linda Anderson
The Fading Fire,Horror,Robert Taylor
The Shattered Storm,Science Fiction,Linda Harris
The Whispering Shadow,Young Adult,Mary Thomas
The Golden Storm,Horror,Jennifer Johnson
The Whispering Secret,Horror,Mary Martin
The Broken Memory,Thriller,Michael Brown
The Lost Light,Mystery,William Johnson
The Fading Storm,Mystery,Patricia Jackson
The Silent Shadow,Horror,John Thomas
The Golden Secret,Young Adult,Jennifer Brown
The Hidden Voice,Historical,William Smith
The Dark Storm,Romance,Michael Harris
The Dark Voice,Fantasy,William Johnson
The Whispering Light,Fantasy,James White
The Hidden Fire,Science Fiction,John Anderson
The Lost Light,Historical,Mary Jackson
The Golden Shadow,Non-Fiction,John Anderson
The Golden Secret,Mystery,Jennifer Jackson
The Eternal Memory,Romance,Robert Smith
The Shattered Voice,Horror,Jennifer Smith
The Shattered Dream,Non-Fiction,Robert White
The Golden Memory,Mystery,Patricia Martin
The Lost Memory,Thriller,Patricia Thomas
The Dark Light,Young Adult,Linda Martin
The Eternal Memory,Non-Fiction,Linda Johnson
The Lost Dream,Science Fiction,Robert White
The Eternal Storm,Adventure,Patricia Harris
The Shattered Secret,Historical,Mary Martin
The Broken Light,Horror,Elizabeth Taylor
The Eternal Voice,Horror,Robert Martin
The Shattered Path,Historical,James Harris
The Golden Shadow,Adventure,Mary Harris
The Dark Dream,Romance,James Martin
The Broken Storm,Science Fiction,Robert Anderson
The Broken Storm,Thriller,James Taylor
The Fading Storm,Mystery,John White
The Golden Secret,Historical,Linda Taylor
The Eternal Path,Science Fiction,William Harris
The Golden Path,Non-Fiction,John Johnson
The Golden Fire,Non-Fiction,Elizabeth Martin
The Silent Storm,Adventure,Michael Smith
The Shattered Secret,Science Fiction,Linda Smith
The Whispering Truth,Historical,Elizabeth White
The Eternal Voice,Romance,Patricia White
The Lost Shadow,Thriller,Mary Smith
The Eternal Path,Historical,Robert Thomas
The Broken Voice,Mystery,John Jackson
The Dark Fire,Mystery,Michael Harris
The Golden Secret,Science Fiction,Elizabeth Smith
The Shattered Fire,Romance,Michael Martin
The Dark Truth,Thriller,Jennifer Jackson
The Dark Storm,Young Adult,Robert Brown
The Broken Secret,Fantasy,Linda Harris
The Eternal Fire,Young Adult,Patricia Martin
The Eternal Fire,Mystery,Jennifer White
The Silent Fire,Thriller,Mary Johnson
The Dark Light,Young Adult,Mary White
The Golden Light,Non-Fiction,Robert Smith
The Whispering Truth,Historical,Michael Harris
The Eternal Path,Horror,John Jackson
The Hidden Light,Horror,Patricia Martin
The Eternal Secret,Historical,Patricia Johnson
The Hidden Secret,Horror,Linda Brown
The Eternal Truth,Fantasy,Robert Anderson
The Whispering Dream,Science Fiction,Linda Johnson
The Lost Fire,Horror,John Martin
The Hidden Light,Romance,James Harris
The Hidden Truth,Romance,John Smith
The Silent Memory,Horror,Michael Jackson
The Eternal Truth,Historical,Linda Taylor
The Hidden Path,Romance,James Johnson
The Shattered Secret,Adventure,James Harris
The Lost Dream,Historical,James Jackson
The Fading Storm,Horror,Jennifer Jackson
The Silent Storm,Fantasy,Mary Taylor
The Hidden Voice,Science Fiction,John Brown
The Eternal Fire,Science Fiction,Robert Martin
The Fading Secret,Mystery,Elizabeth Harris
The Whispering Truth,Thriller,Mary Taylor
The Whispering Light,Thriller,Mary Brown
The Silent Storm,Mystery,Elizabeth Taylor
The Shattered Memory,Science Fiction,Jennifer Harris
The Whispering Light,Mystery,Michael Jackson
The Eternal Voice,Mystery,Elizabeth Johnson
The Dark Fire,Thriller,Linda Johnson
The Dark Voice,Thriller,Elizabeth Johnson
The Silent Dream,Young Adult,Patricia Thomas
The Golden Truth,Non-Fiction,Elizabeth Smith
The Lost Voice,Science Fiction,James Anderson
The Dark Path,Young Adult,Linda Brown
The Golden Secret,Fantasy,Robert Johnson
The Fading Light,Romance,Elizabeth White
The Hidden Truth,Romance,Jennifer Jackson
The Broken Path,Science Fiction,Elizabeth Brown
The Hidden Path,Thriller,Patricia Smith
The Broken Secret,Mystery,Michael Jackson
The Shattered Dream,Romance,William Johnson
The Whispering Voice,Fantasy,Linda Martin
The Whispering Truth,Fantasy,Patricia Johnson
The Broken Storm,Science Fiction,James Thomas
The Broken Fire,Young Adult,James Johnson
The Broken Storm,Young Adult,William Harris
The Whispering Truth,Thriller,Jennifer Johnson
The Golden Shadow,Historical,John Brown
The Fading Fire,Thriller,Mary Taylor
The Eternal Light,Young Adult,Elizabeth Anderson
The Fading Memory,Historical,Patricia Jackson
The Whispering Voice,Historical,Mary White
The Broken Light,Science Fiction,Jennifer Smith
The Whispering Light,Young Adult,Robert Smith
The Golden Path,Horror,William White
The Eternal Memory,Young Adult,Patricia White
The Lost Dream,Thriller,Jennifer Harris
The Silent Fire,Adventure,Robert Taylor
The Lost Secret,Historical,William Johnson
The Eternal Light,Adventure,Mary Martin
The Shattered Voice,Romance,Robert Smith
The Silent Memory,Non-Fiction,James White
The Lost Voice,Thriller,James Anderson
The Eternal Light,Fantasy,John White
The Broken Shadow,Non-Fiction,Elizabeth Brown
The Hidden Secret,Horror,Michael White
The Golden Truth,Young Adult,Mary Martin
The Whispering Fire,Fantasy,Mary Johnson
The Lost Secret,Young Adult,William White
The Broken Path,Romance,Jennifer Smith
The Broken Memory,Horror,James Jackson
The Lost Dream,Fantasy,Elizabeth White
The Dark Secret,Romance,James Johnson
The Eternal Fire,Adventure,Robert Martin
The Shattered Secret,Science Fiction,Mary Taylor
The Golden Truth,Non-Fiction,Mary Taylor
The Shattered Path,Non-Fiction,Linda Brown
The Shattered Voice,Mystery,Jennifer Thomas
The Golden Fire,Fantasy,Patricia Harris
The Shattered Dream,Romance,Patricia Thomas
The Eternal Secret,Science Fiction,Michael Anderson
The Shattered Shadow,Horror,John Jackson
The Dark Voice,Adventure,Elizabeth Brown
The Eternal Light,Historical,Patricia Brown
The Golden Fire,Mystery,Michael Taylor
The Broken Truth,Fantasy,Jennifer Johnson
The Broken Dream,Fantasy,John White
The Fading Secret,Young Adult,Elizabeth Smith
The Golden Truth,Young Adult,William Smith
The Dark Truth,Mystery,Elizabeth Jackson
The Broken Storm,Historical,William Anderson
The Shattered Secret,Adventure,Michael Thomas
The Hidden Path,Historical,Patricia Taylor
The Golden Voice,Young Adult,Michael White
The Fading Voice,Adventure,James Johnson
The Whispering Dream,Non-Fiction,Jennifer Taylor
The Eternal Dream,Non-Fiction,John Harris
The Whispering Light,Historical,Mary Smith
The Dark Voice,Adventure,James Jackson
The Golden Memory,Non-Fiction,Elizabeth Taylor
The Lost Path,Science Fiction,James Jackson
The Whispering Fire,Thriller,Mary Anderson
The Lost Light,Thriller,William Martin
The Eternal Light,Mystery,John Harris
The Hidden Storm,Non-Fiction,Mary Harris
The Hidden Truth,Non-Fiction,Elizabeth Harris
The Fading Memory,Historical,Jennifer Thomas
The Golden Truth,Thriller,Linda Brown
The Eternal Path,Horror,James White
The Shattered Dream,Thriller,Elizabeth Thomas
The Silent Storm,Fantasy,Mary Harris
The Broken Voice,Young Adult,Linda Jackson
The Eternal Path,Horror,Jennifer Brown
The Whispering Path,Science Fiction,Mary White
The Hidden Secret,Horror,James Harris
The Silent Secret,Mystery,Michael Jackson
The Shattered Fire,Historical,Linda Smith
The Dark Memory,Historical,Mary Harris
The Hidden Voice,Mystery,Elizabeth Johnson
The Shattered Dream,Mystery,William Anderson
The Silent Storm,Adventure,Mary Jackson
The Hidden Secret,Thriller,Michael Martin
The Silent Path,Horror,Michael Jackson
The Silent Memory,Young Adult,Jennifer Johnson
The Shattered Secret,Historical,James Martin
The Dark Truth,Historical,Jennifer Taylor
The Shattered Light,Historical,Patricia White
The Shattered Path,Young Adult,Jennifer Thomas
The Fading Fire,Mystery,William Johnson
The Fading Secret,Thriller,Robert Taylor
The Fading Voice,Horror,William Jackson
The Shattered Dream,Fantasy,John Smith
The Lost Dream,Historical,Robert Johnson
The Dark Memory,Romance,Elizabeth Anderson
The Fading Secret,Mystery,James Anderson
The Golden Secret,Mystery,Jennifer Jackson
The Dark Path,Romance,Linda Harris
The Broken Shadow,Fantasy,John Smith
The Golden Storm,Romance,John Johnson
The Eternal Path,Fantasy,James Anderson
The Dark Voice,Adventure,William Harris
The Fading Secret,Historical,Robert Jackson
The Lost Storm,Romance,Patricia White
The Eternal Fire,Science Fiction,Mary White
The Hidden Memory,Historical,Patricia Harris
The Shattered Fire,Thriller,Linda Johnson
The Golden Fire,Thriller,Jennifer Thomas
The Lost Storm,Thriller,Michael Brown
The Fading Path,Thriller,John Jackson
The Silent Voice,Adventure,William Thomas
The Broken Shadow,Romance,Linda Harris
The Lost Path,Romance,Elizabeth Harris
The Fading Secret,Non-Fiction,William Taylor
The Hidden Truth,Fantasy,Linda Anderson
The Silent Dream,Horror,Robert White
The Hidden Truth,Horror,Mary Harris
The Lost Fire,Fantasy,Michael Martin
The Shattered Shadow,Young Adult,James Smith
The Fading Dream,Romance,William Johnson
The Lost Shadow,Fantasy,Michael Harris
The Lost Path,Romance,Michael Taylor
The Eternal Storm,Science Fiction,Mary Thomas
The Dark Light,Non-Fiction,James Thomas
The Golden Fire,Thriller,Jennifer Johnson
The Whispering Shadow,Horror,Mary Taylor
The Fading Memory,Non-Fiction,John Jackson
The Silent Path,Fantasy,James Martin
The Shattered Dream,Horror,Robert Thomas
The Hidden Storm,Science Fiction,Mary Martin
The Lost Storm,Adventure,John Thomas
The Fading Secret,Adventure,James Martin
The Hidden Path,Adventure,William Harris
The Broken Secret,Adventure,Elizabeth Harris
The Eternal Truth,Romance,Mary Brown
The Eternal Path,Non-Fiction,Jennifer White
The Golden Light,Fantasy,Michael Martin
The Hidden Shadow,Fantasy,Elizabeth Brown
The Lost Voice,Young Adult,Patricia Johnson
The Silent Dream,Mystery,John White
The Golden Memory,Science Fiction,Robert Taylor
The Whispering Fire,Thriller,Linda Jackson
The Lost Memory,Fantasy,Elizabeth Thomas
The Fading Voice,Young Adult,John Taylor
The Golden Memory,Adventure,Linda Brown
The Lost Voice,Adventure,James Martin
The Whispering Fire,Science Fiction,Michael Johnson
The Silent Memory,Mystery,James Taylor
The Shattered Memory,Fantasy,Mary Smith
The Silent Memory,Horror,Jennifer Johnson
The Lost Secret,Historical,John Martin
The Fading Truth,Adventure,Elizabeth Harris
The Fading Memory,Fantasy,Patricia Smith
The Shattered Voice,Science Fiction,William Anderson
The Whispering Truth,Mystery,Jennifer Jackson
The Golden Memory,Thriller,Michael Brown
The Whispering Light,Horror,Elizabeth Anderson
The Silent Voice,Romance,Michael Taylor
The Eternal Secret,Romance,Patricia White
The Hidden Path,Fantasy,Robert Thomas
The Hidden Storm,Mystery,Elizabeth Thomas
The Fading Dream,Historical,Linda Harris
The Silent Fire,Historical,John Martin
The Broken Light,Non-Fiction,Elizabeth Anderson
The Silent Light,Science Fiction,Linda Taylor
The Silent Path,Science Fiction,John White
The Silent Light,Romance,Jennifer White
The Dark Memory,Fantasy,Mary Johnson
The Fading Shadow,Thriller,John Harris
The Fading Secret,Fantasy,John Anderson
The Golden Shadow,Science Fiction,John Harris
The Whispering Shadow,Science Fiction,Robert Anderson
The Eternal Storm,Fantasy,John White
The Dark Fire,Young Adult,John Brown
The Lost Fire,Science Fiction,Elizabeth Martin
The Dark Storm,Romance,Jennifer Anderson
The Shattered Dream,Young Adult,John Thomas
The Dark Storm,Historical,Michael White
The Broken Fire,Historical,Robert Brown
The Shattered Shadow,Thriller,John Thomas
The Eternal Memory,Adventure,Jennifer Johnson
The Shattered Storm,Historical,Robert Jackson
The Eternal Shadow,Non-Fiction,Patricia Anderson
The Hidden Fire,Horror,Linda Thomas
The Hidden Secret,Fantasy,William Johnson
The Shattered Shadow,Thriller,Jennifer Brown
The Shattered Memory,Mystery,William Harris
The Shattered Shadow,Non-Fiction,Elizabeth Smith
The Hidden Light,Mystery,Patricia Taylor
The Fading Storm,Young Adult,Elizabeth Johnson
The Broken Light,Adventure,Robert Harris
The Lost Path,Young Adult,James Taylor
The Lost Dream,Fantasy,Mary Smith
The Silent Storm,Mystery,James Anderson
The Golden Voice,Romance,Mary Jackson
The Golden Voice,Science Fiction,Patricia Johnson
The Broken Dream,Adventure,William Brown
The Hidden Truth,Thriller,Jennifer Taylor
The Shattered Secret,Young Adult,Robert Taylor
The Whispering Path,Historical,James Brown
The Whispering Path,Historical,Patricia Harris
The Lost Memory,Romance,William Johnson
The Whispering Truth,Thriller,John Brown
The Shattered Dream,Adventure,Jennifer Thomas
The Lost Path,Romance,Linda Johnson
The Golden Shadow,Historical,Mary Thomas
The Hidden Fire,Horror,Linda Harris
The Fading Shadow,Fantasy,Jennifer Thomas
The Broken Secret,Non-Fiction,Jennifer Jackson
The Broken Light,Romance,Robert Harris
The Whispering Fire,Young Adult,James Johnson
The Fading Memory,Non-Fiction,John Jackson
The Lost Dream,Young Adult,Mary Jackson
The Shattered Light,Fantasy,Mary Thomas
The Dark Storm,Horror,John Martin
The Eternal Memory,Historical,William Taylor
The Dark Shadow,Young Adult,Patricia Johnson
The Eternal Secret,Adventure,Elizabeth Jackson
The Fading Storm,Horror,James Harris
The Fading Dream,Thriller,Mary Anderson
The Shattered Path,Science Fiction,Patricia Taylor
The Fading Shadow,Mystery,Robert Johnson
The Silent Shadow,Science Fiction,Robert Jackson
The Eternal Secret,Young Adult,John Anderson
The Broken Storm,Horror,Michael White
The Eternal Memory,Non-Fiction,William Martin
The Hidden Voice,Horror,Robert Taylor
The Shattered Dream,Mystery,Patricia Johnson
The Lost Light,Young Adult,Jennifer Taylor
The Eternal Light,Thriller,Jennifer Brown
The Eternal Secret,Historical,John Jackson
The Silent Secret,Historical,James Anderson
The Golden Storm,Non-Fiction,John Martin
The Shattered Fire,Mystery,William Taylor
The Dark Memory,Mystery,Elizabeth Martin
The Lost Shadow,Young Adult,William Martin
The Lost Fire,Historical,James Martin
The Fading Shadow,Non-Fiction,Jennifer Thomas
The Whispering Shadow,Adventure,John Thomas
The Fading Shadow,Mystery,Linda Harris
The Dark Truth,Adventure,Robert Johnson
The Whispering Storm,Horror,Robert Johnson
The Eternal Secret,Young Adult,Jennifer White
The Silent Dream,Adventure,Linda Smith
The Golden Path,Romance,Linda Thomas
The Fading Light,Mystery,James Taylor
The Lost Dream,Non-Fiction,James Anderson
The Eternal Light,Historical,Elizabeth Thomas
The Golden Voice,Non-Fiction,Linda Johnson
The Hidden Memory,Romance,Mary Anderson
The Hidden Shadow,Thriller,Patricia Brown
The Shattered Dream,Horror,Linda Harris
The Dark Secret,Thriller,Jennifer White
The Hidden Truth,Thriller,Patricia Taylor
The Eternal Truth,Horror,Mary Thomas
The Hidden Dream,Thriller,Jennifer Johnson
The Hidden Storm,Adventure,Mary Taylor
The Fading Shadow,Historical,William White
The Whispering Path,Historical,John Thomas
The Golden Shadow,Science Fiction,Patricia Martin
The Whispering Voice,Non-Fiction,Jennifer Smith
The Eternal Path,Non-Fiction,Linda Jackson
The Golden Secret,Young Adult,John Harris
The Golden Voice,Fantasy,Jennifer Anderson
The Fading Secret,Mystery,Mary Harris
The Hidden Dream,Thriller,John Jackson
The Dark Fire,Adventure,William Martin
The Broken Storm,Science Fiction,William Taylor
The Fading Light,Historical,Michael Taylor
The Hidden Secret,Historical,John Anderson
The Whispering Fire,Science Fiction,William White
The Hidden Truth,Fantasy,James White
The Hidden Dream,Young Adult,James Johnson
The Shattered Dream,Thriller,William Anderson
The Broken Light,Fantasy,Michael Taylor
The Whispering Voice,Mystery,Patricia Brown
The Shattered Path,Non-Fiction,Jennifer Taylor
The Hidden Voice,Young Adult,Linda White
The Broken Voice,Fantasy,Patricia Harris
The Dark Light,Mystery,Robert Johnson
The Dark Light,Fantasy,Linda Johnson
The Whispering Fire,Science Fiction,Robert Thomas
The Lost Storm,Fantasy,William Harris
The Dark Light,Adventure,John Johnson
The Hidden Shadow,Young Adult,Michael Thomas
The Dark Secret,Fantasy,James Taylor
The Hidden Memory,Thriller,Mary Smith
The Lost Secret,Romance,James Thomas
The Silent Fire,Historical,James Taylor
The Lost Voice,Fantasy,Jennifer Jackson
The Silent Dream,Young Adult,James Smith
The Whispering Secret,Adventure,Patricia Thomas
The Silent Secret,Young Adult,John Taylor
The Eternal Fire,Thriller,John Thomas
The Hidden Secret,Historical,Michael Martin
The Shattered Light,Historical,Michael White
The Golden Memory,Adventure,Patricia Brown
The Golden Truth,Young Adult,John Jackson
The Golden Dream,Mystery,James Johnson
The Golden Shadow,Mystery,James Martin
The Golden Shadow,Adventure,Linda Martin
The Golden Secret,Romance,Michael Anderson
The Hidden Fire,Thriller,Michael Harris
The Eternal Light,Non-Fiction,Michael Brown
The Fading Fire,Young Adult,John Harris
The Fading Storm,Science Fiction,Elizabeth White
The Eternal Dream,Historical,William Thomas
The Broken Fire,Fantasy,Michael Brown
The Broken Memory,Romance,Jennifer Smith
The Eternal Shadow,Historical,Robert Harris
The Broken Dream,Mystery,Linda Taylor
The Lost Fire,Fantasy,Elizabeth Martin
The Whispering Truth,Romance,John Martin
The Lost Dream,Romance,Elizabeth Martin
The Dark Secret,Historical,William Thomas
The Whispering Dream,Non-Fiction,James Thomas
The Golden Shadow,Adventure,Mary Thomas
The Fading Memory,Adventure,Jennifer Jackson
The Whispering Memory,Romance,Linda Martin
The Dark Light,Science Fiction,Jennifer White
The Silent Shadow,Romance,William Smith
The Fading Light,Adventure,John Taylor
The Broken Voice,Thriller,John Brown
The Whispering Fire,Thriller,Jennifer Taylor
The Eternal Light,Historical,John Johnson
The Eternal Storm,Horror,William Thomas
The Broken Shadow,Adventure,Jennifer Johnson
The Lost Dream,Mystery,Elizabeth Harris
The Eternal Dream,Non-Fiction,Robert Taylor
The Eternal Dream,Young Adult,Linda Smith
The Fading Fire,Horror,William White
The Fading Truth,Horror,Robert Martin
The Broken Dream,Horror,Robert Martin
The Lost Dream,Mystery,John Taylor
The Fading Secret,Mystery,Linda Johnson
The Fading Voice,Historical,John Smith
The Eternal Shadow,Science Fiction,Michael Anderson
The Dark Voice,Thriller,Patricia Smith
The Eternal Light,Mystery,Jennifer Taylor
The Dark Voice,Romance,Elizabeth Taylor
The Lost Path,Adventure,William Jackson
The Shattered Truth,Mystery,James Thomas
The Golden Light,Historical,Jennifer White
The Hidden Path,Young Adult,Patricia Thomas
The Broken Fire,Thriller,John Smith
The Silent Truth,Mystery,Robert Martin
The Hidden Shadow,Young Adult,Elizabeth Smith
The Fading Fire,Mystery,Jennifer Brown
The Shattered Dream,Science Fiction,Robert Anderson
The Golden Light,Science Fiction,Michael Taylor
The Dark Fire,Young Adult,Michael Brown
The Shattered Dream,Fantasy,Jennifer Taylor
The Hidden Voice,Thriller,Jennifer Smith
The Shattered Truth,Thriller,Jennifer Martin
The Dark Light,Adventure,James Anderson
The Broken Storm,Young Adult,Elizabeth Thomas
The Shattered Fire,Adventure,Jennifer Harris
The Broken Storm,Science Fiction,Elizabeth White
The Shattered Path,Fantasy,Jennifer Taylor
The Broken Light,Historical,Elizabeth Brown
The Eternal Path,Thriller,William Anderson
The Lost Dream,Young Adult,Michael Martin
The Hidden Light,Romance,Robert Brown
The Dark Path,Horror,Linda White
The Fading Storm,Mystery,William White
The Eternal Memory,Mystery,Elizabeth Smith
The Lost Light,Science Fiction,Linda Taylor
The Silent Storm,Young Adult,Mary Jackson
The Shattered Voice,Historical,Linda Thomas
The Whispering Path,Mystery,Robert Harris
The Lost Shadow,Horror,John Jackson
The Fading Dream,Mystery,Robert Martin
The Eternal Storm,Thriller,Michael Brown
The Silent Shadow,Horror,Patricia Martin
The Dark Voice,Horror,John Harris
The Lost Memory,Mystery,Elizabeth Harris
The Silent Secret,Science Fiction,William White
The Shattered Storm,Fantasy,James Brown
The Silent Truth,Non-Fiction,Robert Jackson
The Hidden Voice,Science Fiction,Linda Thomas
The Whispering Memory,Mystery,Robert Johnson
The Hidden Dream,Historical,James White
The Broken Memory,Horror,Linda White
The Silent Dream,Historical,Jennifer Anderson
The Silent Memory,Fantasy,Jennifer Thomas
The Silent Shadow,Non-Fiction,Linda Jackson
The Hidden Truth,Historical,William Brown
The Hidden Voice,Young Adult,Michael Martin
The Lost Memory,Science Fiction,Robert Harris
The Eternal Truth,Fantasy,James Johnson
The Eternal Shadow,Young Adult,Robert Smith
The Fading Memory,Horror,Patricia Johnson
The Lost Path,Adventure,Mary Johnson
The Golden Shadow,Romance,William Jackson
The Golden Light,Historical,Linda Anderson
The Silent Secret,Fantasy,Linda Jackson
The Golden Voice,Non-Fiction,Linda Jackson
The Golden Dream,Historical,Linda Brown
The Lost Truth,Young Adult,William Brown
The Shattered Fire,Thriller,James Anderson
The Silent Truth,Adventure,Jennifer Jackson
The Lost Path,Fantasy,Robert Jackson
The Eternal Storm,Thriller,James Anderson
The Lost Shadow,Adventure,Patricia White
The Lost Fire,Horror,Jennifer Thomas
The Golden Voice,Fantasy,Jennifer Smith
The Dark Memory,Historical,John Harris
The Silent Shadow,Young Adult,Jennifer Martin
The Silent Shadow,Horror,James Brown
The Silent Fire,Adventure,Linda Martin
The Hidden Truth,Fantasy,Jennifer Thomas
The Silent Storm,Young Adult,Jennifer Thomas
The Whispering Light,Historical,Jennifer Johnson
The Shattered Fire,Horror,James Jackson
The Eternal Secret,Science Fiction,Jennifer Johnson
The Dark Fire,Young Adult,Robert Brown
The Whispering Dream,Non-Fiction,Elizabeth Brown
The Golden Path,Historical,Linda Martin
The Hidden Dream,Mystery,James Harris
The Eternal Dream,Fantasy,Robert Jackson
The Hidden Truth,Fantasy,John Brown
The Eternal Secret,Science Fiction,Elizabeth Jackson
The Eternal Storm,Young Adult,James Jackson
The Eternal Memory,Adventure,Elizabeth White
The Eternal Secret,Horror,Patricia Brown
The Lost Shadow,Non-Fiction,Elizabeth Johnson
The Lost Shadow,Fantasy,Mary Thomas
The Dark Light,Science Fiction,James Johnson
The Golden Voice,Thriller,Michael Thomas
The Broken Memory,Young Adult,John Brown
The Lost Fire,Historical,Elizabeth Anderson
The Golden Memory,Romance,Patricia Smith
The Golden Light,Science Fiction,William Brown
The Silent Memory,Mystery,Michael White
The Fading Voice,Non-Fiction,Michael Jackson
The Lost Dream,Horror,Linda White
The Broken Memory,Horror,Robert White
The Shattered Memory,Young Adult,Linda Jackson
The Broken Memory,Thriller,Patricia Smith
The Shattered Fire,Young Adult,Michael Brown
The Eternal Dream,Fantasy,William Jackson
The Silent Storm,Science Fiction,Linda Brown
The Lost Secret,Science Fiction,John Anderson
The Silent Fire,Adventure,Robert Anderson
The Dark Light,Thriller,Robert Thomas
The Shattered Path,Fantasy,William Brown
The Eternal Light,Adventure,John Jackson
The Golden Storm,Horror,Mary Taylor
The Golden Fire,Young Adult,Michael Thomas
The Hidden Voice,Horror,Elizabeth Brown
The Eternal Voice,Thriller,Elizabeth Martin
The Shattered Secret,Romance,Michael Smith
The Lost Path,Historical,Jennifer Johnson
The Shattered Storm,Mystery,Elizabeth Johnson
The Silent Shadow,Science Fiction,John White
The Whispering Storm,Romance,John Thomas
The Lost Storm,Thriller,Jennifer Thomas
The Lost Dream,Adventure,Linda Thomas
The Shattered Memory,Science Fiction,Michael White
The Hidden Secret,Non-Fiction,William Brown
The Golden Fire,Horror,Robert White
The Golden Shadow,Historical,Patricia Thomas
The Whispering Dream,Mystery,William White
The Golden Truth,Young Adult,Mary Taylor
The Eternal Truth,Romance,James Thomas
The Eternal Memory,Historical,Mary Smith
The Lost Shadow,Thriller,Patricia Smith
The Silent Memory,Fantasy,Patricia Brown
The Eternal Shadow,Adventure,Robert Anderson
The Golden Dream,Historical,Linda Harris
The Hidden Dream,Adventure,Elizabeth Smith
The Hidden Truth,Historical,Robert White
The Shattered Voice,Mystery,Robert Harris
The Eternal Light,Historical,Linda Harris
The Fading Shadow,Non-Fiction,Elizabeth Thomas
The Hidden Light,Science Fiction,Michael Jackson
The Eternal Fire,Young Adult,Mary Martin
The Hidden Memory,Thriller,Mary White
The Broken Dream,Horror,Michael Smith
The Silent Truth,Adventure,Patricia Smith
The Silent Memory,Horror,Robert Thomas
The Golden Memory,Adventure,Elizabeth Anderson
The Fading Dream,Horror,Patricia Taylor
The Hidden Truth,Thriller,Elizabeth Anderson
The Eternal Truth,Adventure,Robert Johnson
The Lost Storm,Adventure,Robert Thomas
The Silent Memory,Horror,Mary Smith
The Whispering Path,Historical,Mary Jackson
The Broken Fire,Adventure,Mary Taylor
The Fading Truth,Thriller,Michael Harris
The Shattered Path,Non-Fiction,Jennifer Johnson
The Hidden Fire,Historical,William Thomas
The Fading Secret,Historical,Patricia Brown
The Whispering Fire,Historical,William Johnson
The Whispering Truth,Mystery,Linda Harris
The Fading Light,Non-Fiction,William Smith
The Shattered Dream,Fantasy,Jennifer Harris
The Broken Secret,Historical,Elizabeth Taylor
The Lost Secret,Thriller,Elizabeth Anderson
The Shattered Fire,Romance,Michael Brown
The Hidden Secret,Fantasy,Mary White
The Eternal Truth,Fantasy,John Martin
The Dark Dream,Fantasy,Elizabeth Taylor
The Whispering Dream,Mystery,Robert Thomas
The Silent Truth,Thriller,Mary Martin
The Golden Secret,Mystery,Patricia Jackson
The Broken Voice,Horror,Michael White
The Fading Memory,Young Adult,James White
The Dark Fire,Romance,Patricia Smith
The Hidden Storm,Adventure,Michael Martin
The Dark Path,Thriller,Robert Thomas
The Dark Storm,Horror,Mary Johnson
The Eternal Voice,Non-Fiction,James Anderson
The Broken Truth,Young Adult,Robert Thomas
The Shattered Path,Historical,Robert Jackson
The Shattered Fire,Fantasy,James Taylor
The Eternal Storm,Historical,Robert Martin
The Dark Light,Historical,Robert Thomas
The Hidden Voice,Mystery,Linda Harris
The Shattered Memory,Thriller,William Harris
The Hidden Memory,Adventure,Linda Johnson
The Hidden Memory,Thriller,Mary Thomas
The Silent Voice,Fantasy,Elizabeth Smith
The Dark Truth,Fantasy,Michael Jackson
The Hidden Path,Romance,Robert Johnson
The Dark Dream,Non-Fiction,John Harris
The Silent Storm,Thriller,James Smith
The Fading Fire,Mystery,Jennifer Smith
The Dark Fire,Young Adult,Robert Taylor
The Fading Truth,Horror,William Smith
The Shattered Path,Romance,John Smith
The Eternal Dream,Romance,Michael Harris
The Fading Truth,Horror,Mary Thomas
The Golden Storm,Fantasy,Elizabeth White
The Dark Memory,Mystery,Linda Thomas
The Broken Secret,Adventure,Mary Thomas
The Lost Voice,Horror,Elizabeth Jackson
The Dark Secret,Horror,Michael Harris
The Dark Path,Adventure,Mary Smith
The Silent Light,Mystery,William Thomas
The Golden Memory,Non-Fiction,William Martin
The Lost Secret,Historical,John White
The Dark Voice,Mystery,Mary Martin
The Hidden Shadow,Fantasy,James Jackson
The Eternal Path,Adventure,Michael Taylor
The Eternal Storm,Non-Fiction,John Johnson
The Dark Voice,Horror,Robert Smith
The Dark Secret,Horror,John Brown
The Hidden Path,Romance,John Brown
The Golden Storm,Non-Fiction,Mary Taylor
The Silent Secret,Thriller,Patricia Martin
The Broken Dream,Romance,James Taylor
The Golden Path,Romance,John Thomas
The Broken Fire,Thriller,Linda Brown
The Hidden Fire,Science Fiction,Michael Anderson
The Golden Memory,Mystery,Mary White
The Lost Light,Science Fiction,James Brown
The Fading Storm,Fantasy,Michael Johnson
The Golden Storm,Historical,William Martin
The Whispering Light,Thriller,Robert White
The Hidden Secret,Romance,James Smith
The Golden Shadow,Historical,Jennifer Brown
The Fading Truth,Thriller,Mary White
The Shattered Secret,Non-Fiction,Jennifer Jackson
The Shattered Dream,Science Fiction,Michael Brown
The Lost Fire,Young Adult,Jennifer Smith
The Eternal Secret,Young Adult,Robert Martin
